case_no,type,currency_id,partner_id,fiscal_position_id,location,location1,product_id,step,qty,lot1,stock_qty,inv_qty,lot2,stock_qty2,inv_qty2,price,inv_price,inv_price2,discount,advance,notice,landed_cost,reception_in_progress,checks,name
1,inventory,,,,zona_a,,code:MF-ESP-001,1,25,,25,0,,0,0,0,0,0,0,0,0,0,0,,"Espressoare FIFO în zona de marfă"
2,inventory,,,,zona_a,,code:MF-ESP-002,1,18,,18,0,,0,0,0,0,0,0,0,0,0,0,,"Espressoare AVCO în zona de marfă"
3,inventory,,,,zona_a,,code:MF-PAI-001,1,400,,400,0,,0,0,0,0,0,0,0,0,0,0,,"Pâine în zona de marfă"
4,inventory,,,,zona_a,,code:MF-CON-001,1,200,lot:LOT-CON-2601,200,0,,0,0,0,0,0,0,0,0,0,0,,"Conserve, primul lot"
5,inventory,,,,zona_a,,code:MF-CON-001,1,150,lot:LOT-CON-2602,150,0,,0,0,0,0,0,0,0,0,0,0,,"Conserve, al doilea lot"
6,inventory,,,,zona_a,,code:MF-CAF-001,1,120,lot:LOT-CAF-2601,120,0,,0,0,0,0,0,0,0,0,0,0,,"Cafea AVCO pe lot, primul lot"
7,inventory,,,,zona_a,,code:MF-CAF-001,1,80,lot:LOT-CAF-2602,80,0,,0,0,0,0,0,0,0,0,0,0,,"Cafea AVCO pe lot, al doilea lot"
8,inventory,,,,zona_a,,code:MF-LAP-001,1,1,lot:SN-NX14-0001,1,0,,0,0,0,0,0,0,0,0,0,0,,"Laptop, prima serie"
9,inventory,,,,zona_a,,code:MF-LAP-001,1,1,lot:SN-NX14-0002,1,0,,0,0,0,0,0,0,0,0,0,0,,"Laptop, a doua serie"
10,inventory,,,,zona_a,,code:MF-LAP-001,1,1,lot:SN-NX14-0003,1,0,,0,0,0,0,0,0,0,0,0,0,,"Laptop, a treia serie"
11,inventory,,,,zona_b,,code:MP-FAI-650,1,1500,,1500,0,,0,0,0,0,0,0,0,0,0,0,,"Făină în zona de materii prime"
12,inventory,,,,zona_b,,code:MP-ULE-001,1,800,lot:LOT-ULEI-2601,800,0,,0,0,0,0,0,0,0,0,0,0,,"Ulei pe lot, în zona de materii prime"
13,inventory,,,,depozit_central,,code:AMB-PAL-001,1,60,,60,0,,0,0,0,0,0,0,0,0,0,0,,"Paleți în depozitul central"
14,inventory,,,,depozit_central,,code:OBI-SCA-001,1,12,,12,0,,0,0,0,0,0,0,0,0,0,0,,"Scaune, obiecte de inventar"
15,inventory,,,,depozit_central,,code:PF-BIS-200,1,300,lot:LOT-BIS-2601,300,0,,0,0,0,0,0,0,0,0,0,0,,"Produs finit pe lot"
16,inventory,,,,depozit_timisoara,,code:MF-ESP-001,1,10,,10,0,,0,0,0,0,0,0,0,0,0,0,,"Espressoare în depozitul din Timișoara"
17,inventory,,,,depozit_timisoara,,code:MF-PAI-001,1,120,,120,0,,0,0,0,0,0,0,0,0,0,0,,"Pâine în depozitul din Timișoara"
